"","PID","duration.min","Assigned.Block","Sample","Study","Distribution","PLATFORM","D_gender_collapsed","D_gender","D_gender_4_TEXT","D_education_collapsed","D_education","D_employmentStatus","D_income","D_age","D_politicalParty","D_politicsSocial","D_politicsFiscal","STIMULUS","BLOCK","STIMULUS_CATEGORY","PRE_ENCOUNTER","PRE_ID","PRE_ID_CONF","PRE_AGE","PRE_AGE_CONF","PRE_GENDER","PRE_GENDER_CONF","PRE_DESIGN","PRE_DATA","PRE_POLITICS","PRE_TRUST","PRE_ALIGN","PRE_BEAUTY","PRE_INTENT","PRE_LATENCY","POST_ENCOUNTER","POST_ID","POST_ID_CONF","POST_AGE","POST_AGE_CONF","POST_GENDER","POST_GENDER_CONF","POST_DESIGN","POST_DATA","POST_POLITICS","POST_TRUST","POST_ALIGN","POST_BEAUTY","POST_INTENT","POST_LATENCY","PRE_DESIGN_z","PRE_DATA_z","PRE_POLITICS_z","PRE_TRUST_z","PRE_ALIGN_z","PRE_BEAUTY_z","PRE_INTENT_z","PRE_LATENCY_z","PRE_ID_CONF_z","PRE_AGE_CONF_z","PRE_GENDER_CONF_z","POST_DESIGN_z","POST_DATA_z","POST_POLITICS_z","POST_TRUST_z","POST_ALIGN_z","POST_BEAUTY_z","POST_INTENT_z","POST_LATENCY_z","POST_ID_CONF_z","POST_AGE_CONF_z","POST_GENDER_CONF_z"
"1","R_7vxZsjlNPufyJix",34.45,"1","GENERAL","Study4","PROLIFIC","Twitter/X","other","Non-binary / third gender",,"ugrad","undergradudate degree","Other","Prefer not to say","25-34","Independent",0,0,"B0-0","B0","F","engage","education",60,"millennial",49,"Other",44,88,21,50,50,56,23,15,3.62,"engage","education",1,"millennial",22,"Other",8,100,7,27,60,75,11,5,3.24,1.59928884954792,-0.683098968183199,-0.0588116082204536,-0.352567346225474,0.0971715253644053,-0.995267203566111,-0.981443436650473,0.578439705481689,1.7016716106358,1.39759716295034,1.21572596976528,1.94577628644452,-1.21001358141265,-0.546122105161456,-0.0827444548974993,0.492673889227524,-1.26019119387287,-1.0570565243114,0.467141038760376,-1.37150951039582,-0.344546525949707,-1.00869119952036
"2","R_7vxZsjlNPufyJix",34.45,"1","GENERAL","Study4","PROLIFIC","Twitter/X","other","Non-binary / third gender",,"ugrad","undergradudate degree","Other","Prefer not to say","25-34","Independent",0,0,"B1-1","B1","A","scroll","news",2,"gen-x",2,"Male",1,98,22,56,50,50,0,3,1.77,"scroll","individual",31,"gen-x",12,"Male",9,100,40,52,50,50,0,0,3.41,1.9489366085221,-0.646094690383459,0.221243669019802,-0.352567346225474,-0.177842225666931,-1.77361285749404,-1.35063845984187,-0.19081732502735,-1.60919566265761,-1.77415883215667,-1.45961777127398,1.94577628644452,-0.0749809439306302,0.490556150649964,-0.476765668695115,-0.482531750573592,-1.60484815888037,-1.19161056253842,0.604940755208864,0.644428035506904,-0.949014115335157,-0.939932426546924
"3","R_7vxZsjlNPufyJix",34.45,"1","GENERAL","Study4","PROLIFIC","Twitter/X","other","Non-binary / third gender",,"ugrad","undergradudate degree","Other","Prefer not to say","25-34","Independent",0,0,"B1-2","B1","B","scroll","news",13,"gen-x",4,"Male",1,3,2,50,82,50,74,6,2.18,"scroll","news",4,"gen-x",52,"Male",1,0,0,50,84,50,83,0,2.96,-1.37271710173265,-1.38618024637826,-0.0588116082204536,1.13584361409315,-0.177842225666931,0.730629681230613,-1.25833970404402,-0.0203333344821037,-0.981272559101961,-1.63919049193935,-1.45961777127398,-1.48713882725435,-1.45077808027247,0.40762189018505,0.862906458216778,-0.482531750573592,0.995745304358027,-1.19161056253842,0.240176799904042,-1.16991575580555,1.46885624220664,-1.49000261033444
"4","R_7vxZsjlNPufyJix",34.45,"1","GENERAL","Study4","PROLIFIC","Twitter/X","other","Non-binary / third gender",,"ugrad","undergradudate degree","Other","Prefer not to say","25-34","Independent",0,0,"B1-3","B1","C","scroll","organization",20,"boomer",18,"Male",3,100,100,89,0,0,0,100,1.9,"scroll","organization",41,"boomer",9,"Male",3,100,100,93,0,0,0,100,2.24,2.01886616031694,2.24023897799626,1.76154769384121,-2.67820947172332,-2.4696234842614,-1.77361285749404,1.63368797762195,-0.136761425586175,-0.581685129566549,-0.694412110418109,-1.3351831786675,1.94577628644452,1.98871476058213,2.19070849018069,-2.44687173768319,-2.43294303017582,-1.60484815888037,1.49947020200182,-0.343445528583673,1.31640721747448,-1.13035439215079,-1.35248506438756
"5","R_7vxZsjlNPufyJix",34.45,"1","GENERAL","Study4","PROLIFIC","Twitter/X","other","Non-binary / third gender",,"ugrad","undergradudate degree","Other","Prefer not to say","25-34","Independent",0,0,"B1-4","B1","D","scroll","political",49,"boomer",47,"Male",23,100,85,67,21,9,0,82,2.47,"scroll","political",1,"boomer",55,"Male",48,100,100,83,3,1,0,100,2.02,2.01886616031694,1.68517481100016,0.734678343960271,-1.70143977901423,-2.05710285771439,-1.77361285749404,1.07989544283485,0.100252902732827,1.07374850708016,1.26262882273302,-0.0908372526027284,1.94577628644452,1.98871476058213,1.77603718785613,-2.32866537354391,-2.39393480458378,-1.60484815888037,1.49947020200182,-0.521774573399364,-1.37150951039582,1.65019651902228,1.74165971941723
"6","R_79gTK9yfsRmhfeV",52.52,"1","GENERAL","Study4","PROLIFIC","Facebook","female","Female",,"ugrad","associates or technical degree","Retired","Less than $25,000","55-64","Republican",95,100,"B0-0","B0","F","scroll","news",42,"gen-x",41,"Female",40,90,70,41,51,49,17,65,4.26,"scroll","education",27,"gen-z",23,"Female",34,90,75,35,51,49,14,65,3.88,1.66921840134275,1.13011064400406,-0.478894524080837,-0.306054503715517,-0.22367785083882,-1.19831389589514,0.556869159980362,0.844561056576708,0.674161077544744,0.857723802081066,0.966856784552327,1.60248477507463,1.12884155036848,-0.214385063301802,-0.437363547315353,-0.521539976165637,-1.16619383977992,0.557591934412737,0.985916441860566,0.375636362719874,-0.284099767011162,0.779036897789074
"7","R_79gTK9yfsRmhfeV",52.52,"1","GENERAL","Study4","PROLIFIC","Facebook","female","Female",,"ugrad","associates or technical degree","Retired","Less than $25,000","55-64","Republican",95,100,"B1-1","B1","A","scroll","political",42,"millennial",41,"Female",18,51,51,48,49,47,28,34,2.15,"scroll","organization",46,"millennial",38,"Female",34,50,55,48,50,47,17,16,3.69,0.305592141343437,0.427029365808999,-0.152163367300539,-0.399080188735431,-0.315349101182599,-0.826061626625255,-0.396884649930755,-0.0328077728146828,0.674161077544744,0.857723802081066,-0.401923734118921,0.229318729595084,0.440942982197559,0.324687629720137,-0.476765668695115,-0.599556427349726,-1.07219648568696,-0.761037640211979,0.831904994065197,1.65239680845827,0.622601617067014,0.779036897789074
"8","R_79gTK9yfsRmhfeV",52.52,"1","GENERAL","Study4","PROLIFIC","Facebook","female","Female",,"ugrad","associates or technical degree","Retired","Less than $25,000","55-64","Republican",95,100,"B1-2","B1","B","engage","education",25,"gen-x",45,"Male",48,30,35,50,50,50,77,25,2.53,"engage","news",44,"millennial",43,"Male",40,55,70,35,50,20,80,95,6.03,-0.428668152502349,-0.16503907898684,-0.0588116082204536,-0.352567346225474,-0.177842225666931,0.832153027395126,-0.673780917324306,0.125201779397985,-0.296265537041255,1.12766048251571,1.46459515497824,0.400964485280027,0.956866908325749,-0.214385063301802,-0.476765668695115,-1.65277851833493,0.901747950265072,1.36491616377481,2.72867756165027,1.51800097206475,0.924835411759739,1.19158953562971
"9","R_79gTK9yfsRmhfeV",52.52,"1","GENERAL","Study4","PROLIFIC","Facebook","female","Female",,"ugrad","associates or technical degree","Retired","Less than $25,000","55-64","Republican",95,100,"B1-3","B1","C","scroll","individual",23,"gen-z",25,"Male",32,51,51,34,48,18,0,59,2.48,"scroll","individual",10,"gen-z",19,"Male",25,51,51,49,51,32,0,51,4.79,0.305592141343437,0.427029365808999,-0.805625680861136,-0.445593031245388,-1.64458223116739,-1.77361285749404,0.372271648384662,0.104411048843686,-0.410433374051373,-0.222022919657491,0.469118414126419,0.263647880732073,0.303363268563375,0.366154759952594,-0.437363547315353,-1.1846798112304,-1.60484815888037,0.180840627377104,1.72355021814365,-0.766728246625003,-0.525886802765342,0.160207941028115
"10","R_79gTK9yfsRmhfeV",52.52,"1","GENERAL","Study4","PROLIFIC","Facebook","female","Female",,"ugrad","associates or technical degree","Retired","Less than $25,000","55-64","Republican",95,100,"B1-4","B1","D","engage","political",42,"millennial",36,"Female",18,50,47,51,51,51,40,47,3.7,"engage","news",45,"millennial",30,"Male",32,48,48,54,51,51,10,18,5.26,0.270627365446018,0.279012254610039,-0.012135728680411,-0.306054503715517,-0.132006600495041,-0.419968241967203,0.00307662519326171,0.611704874368566,0.674161077544744,0.520302951537767,-0.401923734118921,0.160660427321107,0.200178483337738,0.573490411114878,-0.437363547315353,-0.443523524981547,-1.29152364523719,-0.707216024921174,2.10452590479535,1.58519889026151,0.139027545558654,0.641519351842194
"11","R_1I0iHRdAtslLyCK",17.72,"1","GENERAL","Study4","PROLIFIC","Facebook","female","Female",,"hs_or_less","high school diploma or GED ","Working full-time","Less than $25,000","25-34","Independent",77,69,"B0-0","B0","F","engage","education",43,"gen-z",43,"Female",34,83,77,65,90,80,78,77,0.77,"engage","education",1,"millennial",29,"Female",41,83,80,84,73,86,92,83,0.98,1.42446497006082,1.38914058860224,0.641326584880186,1.50794635417281,1.19722652948975,0.865994142783297,0.926064183171763,-0.606631936113317,0.731244996049803,0.992692142298386,0.593553006732896,1.36218071711571,1.30081619241121,1.81750431808858,0.429483123039401,0.921764370740015,1.27773736663689,1.04198647202998,-1.36478460343717,-1.37150951039582,0.0785807866201086,1.26034830860315
"12","R_1I0iHRdAtslLyCK",17.72,"1","GENERAL","Study4","PROLIFIC","Facebook","female","Female",,"hs_or_less","high school diploma or GED ","Working full-time","Less than $25,000","25-34","Independent",77,69,"B1-1","B1","A","scroll","political",7,"gen-x",32,"Other",10,19,19,12,17,11,19,20,0.39,"engage","education",24,"gen-x",2,"Female",3,34,26,22,76,100,90,100,1.84,-0.813280687373951,-0.757107523782679,-1.83249503074207,-1.88749114905405,-1.96543160737061,-1.13063166511879,-0.827612176987389,-0.764641488325985,-1.32377607013231,0.250366271103128,-0.89966210454483,-0.319947688596734,-0.556509941650274,-0.75345775632374,0.547689487178685,1.46787952902864,1.21507246390825,1.49947020200182,-0.667680155521293,0.174042608129602,-1.55348170472061,-1.35248506438756
"13","R_1I0iHRdAtslLyCK",17.72,"1","GENERAL","Study4","PROLIFIC","Facebook","female","Female",,"hs_or_less","high school diploma or GED ","Working full-time","Less than $25,000","25-34","Independent",77,69,"B1-2","B1","B","scroll","organization",9,"gen-x",6,"Other",4,61,57,68,61,61,63,64,0.35,"scroll","education",1,"gen-z",2,"Other",3,12,11,74,90,100,96,99,1.19,0.65523990031762,0.649055032607438,0.781354223500314,0.159073921384053,0.326349651223852,0.358377411960732,0.526102908047746,-0.781274072769424,-1.2096082331222,-1.50422215172203,-1.27296588236426,-1.07518901361048,-1.07243386777846,1.40283301576401,1.09931918649535,1.46787952902864,1.40306717209416,1.47255939435642,-1.19456142429492,-1.37150951039582,-1.55348170472061,-1.35248506438756
"14","R_1I0iHRdAtslLyCK",17.72,"1","GENERAL","Study4","PROLIFIC","Facebook","female","Female",,"hs_or_less","high school diploma or GED ","Working full-time","Less than $25,000","25-34","Independent",77,69,"B1-3","B1","C","scroll","political",3,"gen-x",44,"Male",43,64,53,100,78,91,86,84,0.68,"scroll","political",1,"gen-x",2,"Male",3,15,12,16,20,84,74,91,2.72,0.760134228009876,0.501037921408479,2.27498236878168,0.949792244053322,1.70141840638053,1.13672306588867,1.14142794670008,-0.644055251111054,-1.55211174415255,1.06017631240705,1.15350867346204,-0.972201560199518,-1.03803893936992,-1.00226053771848,-1.65882931008796,0.843747919555925,0.713753242079164,1.2572729331932,0.0456360237414701,-1.37150951039582,-1.55348170472061,-1.35248506438756
"15","R_1I0iHRdAtslLyCK",17.72,"1","GENERAL","Study4","PROLIFIC","Facebook","female","Female",,"hs_or_less","high school diploma or GED ","Working full-time","Less than $25,000","25-34","Independent",77,69,"B1-4","B1","D","engage","news",61,"gen-x",44,"Male",34,22,11,19,90,86,19,93,0.54,"engage","news",1,"millennial",42,"Male",28,8,6,23,90,90,21,100,1.47,-0.708386359681696,-1.0531417461806,-1.50576387396178,1.50794635417281,1.47224028052109,-1.13063166511879,1.41832421409363,-0.70226929666309,1.75875552914086,1.06017631240705,0.593553006732896,-1.21250561815844,-1.24440850982119,-0.711990626091283,1.09931918649535,1.07779727310819,-0.94686668022969,1.49947020200182,-0.967597185438591,-1.37150951039582,0.864388652821194,0.366484259948435
"16","R_38fhVE1dC3HsMKZ",30.52,"1","GENERAL","Study4","PROLIFIC","Twitter/X","male","Male",,"hs_or_less","high school diploma or GED ","Working full-time","$75,000-$99,999","55-64","Democrat",8,8,"B0-0","B0","F","engage","individual",4,"millennial",35,"Male",9,68,67,16,64,68,12,9,1.78,"engage","education",17,"millennial",37,"Female",17,55,55,12,90,90,28,0,2.11,0.899993331599549,1.01909781060484,-1.6457915125819,0.298612448913924,0.647199027427077,-1.36751947283599,-1.16604094824617,-0.186659178916491,-1.49502782564749,0.452818781429107,-0.961879400848068,0.400964485280027,0.440942982197559,-1.16812905864831,1.09931918649535,1.07779727310819,-0.727539520679464,-1.19161056253842,-0.4488217823384,-0.296342819247701,0.562154858128469,-0.389862242759404
"17","R_38fhVE1dC3HsMKZ",30.52,"1","GENERAL","Study4","PROLIFIC","Twitter/X","male","Male",,"hs_or_less","high school diploma or GED ","Working full-time","$75,000-$99,999","55-64","Democrat",8,8,"B1-1","B1","A","scroll","business",13,"gen-x",30,"Male",40,33,33,68,56,50,14,19,1.17,"scroll","organization",13,"gen-x",16,"Male",14,16,14,50,54,50,0,0,2.48,-0.323773824810094,-0.23904763458632,0.781354223500314,-0.073490291165732,-0.177842225666931,-1.29983724205965,-0.858378428920006,-0.440306091678931,-0.981272559101961,0.115397930885808,0.966856784552327,-0.93787240906253,-0.969249082552825,0.40762189018505,-0.319157183176069,-0.482531750573592,-1.60484815888037,-1.19161056253842,-0.148904752421102,-0.56513449203473,-0.707227079580977,-0.596138561679724
"18","R_38fhVE1dC3HsMKZ",30.52,"1","GENERAL","Study4","PROLIFIC","Twitter/X","male","Male",,"hs_or_less","high school diploma or GED ","Working full-time","$75,000-$99,999","55-64","Democrat",8,8,"B1-2","B1","B","scroll","business",38,"gen-x",36,"Male",37,66,49,66,66,50,34,18,1.5,"scroll","education",26,"gen-x",45,"Male",22,51,48,11,82,79,12,59,2.31,0.830063779804712,0.353020810209519,0.688002464420228,0.391638133933838,-0.177842225666931,-0.623014934296229,-0.889144680852623,-0.303087270020561,0.445825403524509,0.520302951537767,0.780204895642612,0.263647880732073,0.200178483337738,-1.20959618888077,0.784102215457255,0.648706791595702,-1.22885874250855,0.396127088540323,-0.28670446886959,0.308438444523117,1.04572892963683,-0.0460683778922049
"19","R_38fhVE1dC3HsMKZ",30.52,"1","GENERAL","Study4","PROLIFIC","Twitter/X","male","Male",,"hs_or_less","high school diploma or GED ","Working full-time","$75,000-$99,999","55-64","Democrat",8,8,"B1-3","B1","C","engage","business",56,"millennial",52,"Male",45,17,15,57,67,71,61,71,1.22,"engage","organization",1,"millennial",2,"Male",3,24,24,0,77,100,56,0,2.34,-0.883210239168788,-0.905124634981639,0.267919548559845,0.438150976443795,0.784705902942745,0.290695181184389,0.741466671576062,-0.419515361124632,1.47333593661557,1.60004967327632,1.27794326606852,-0.663239199966621,-0.625299798467366,-1.66573462143779,0.587091608558447,1.46787952902864,0.14976911752144,-1.19161056253842,-0.262386871849269,-1.37150951039582,-1.55348170472061,-1.35248506438756
"20","R_38fhVE1dC3HsMKZ",30.52,"1","GENERAL","Study4","PROLIFIC","Twitter/X","male","Male",,"hs_or_less","high school diploma or GED ","Working full-time","$75,000-$99,999","55-64","Democrat",8,8,"B1-4","B1","D","engage","political",51,"gen-x",51,"Male",52,34,35,19,82,81,42,0,1.07,"engage","political",1,"gen-x",54,"Male",48,15,20,34,81,74,44,11,3.37,-0.288809048912676,-0.16503907898684,-1.50576387396178,1.13584361409315,1.24306215466164,-0.352286011190861,-1.44293721563972,-0.481887552787527,1.18791634409027,1.53256550316766,1.71346434019119,-0.972201560199518,-0.76287951210155,-0.255852193534259,0.744700094077493,0.453665663635479,-0.226220298850376,-0.895591678438991,0.572517292515102,-1.37150951039582,1.58974976008373,1.74165971941723
"21","R_7rAgHR9m2QCXLBe",26.97,"1","GENERAL","Study4","PROLIFIC","Facebook","female","Female",,"ugrad","some college","Working full-time","$50,000-$74,999","25-34","Republican",100,100,"B0-0","B0","F","engage","political",50,"gen-x",28,"Female",3,28,0,55,75,50,55,70,1.68,"scroll","organization",27,"gen-x",4,"Female",25,30,0,0,50,20,55,20,4.36,-0.498597704297186,-1.46018880197774,0.17456778947976,0.810253716523451,-0.177842225666931,0.0876484888553631,0.710700419643446,-0.228240640025087,1.13083242558521,-0.0195704093315113,-1.3351831786675,-0.457264293144689,-1.45077808027247,-1.66573462143779,-0.476765668695115,-1.65277851833493,0.118436666157122,-0.653394409630369,1.37499799418571,0.375636362719874,-1.43258818684352,0.160207941028115
"22","R_7rAgHR9m2QCXLBe",26.97,"1","GENERAL","Study4","PROLIFIC","Facebook","female","Female",,"ugrad","some college","Working full-time","$50,000-$74,999","25-34","Republican",100,100,"B1-1","B1","A","engage","education",53,"boomer",52,"Male",35,0,0,52,51,51,100,0,0.9,"engage","organization",23,"boomer",2,"Female",3,90,90,52,100,52,100,0,1.72,-1.4776114294249,-1.46018880197774,0.0345401508596316,-0.306054503715517,-0.132006600495041,1.61049868132306,-1.44293721563972,-0.552576036672142,1.30208418110039,1.60004967327632,0.655770303036135,1.60248477507463,1.64476547649667,0.490556150649964,1.49334040029296,-0.404515299389503,1.52839697755143,-1.19161056253842,-0.764950543602579,0.106844689932844,-1.55348170472061,-1.35248506438756
"23","R_7rAgHR9m2QCXLBe",26.97,"1","GENERAL","Study4","PROLIFIC","Facebook","female","Female",,"ugrad","some college","Working full-time","$50,000-$74,999","25-34","Republican",100,100,"B1-2","B1","B","engage","education",3,"gen-x",23,"Male",23,0,0,49,100,50,45,0,0.83,"engage","education",1,"gen-x",2,"Male",3,0,0,62,59,59,36,0,1.19,-1.4776114294249,-1.46018880197774,-0.105487487760496,1.97307477927238,-0.177842225666931,-0.250762665026347,-1.44293721563972,-0.581683059448159,-1.55211174415255,-0.35699125987481,-0.0908372526027284,-1.48713882725435,-1.45077808027247,0.905227452974532,-0.122146576277261,-0.13145772024519,-0.47687990976492,-1.19161056253842,-1.19456142429492,-1.37150951039582,-1.55348170472061,-1.35248506438756
"24","R_7rAgHR9m2QCXLBe",26.97,"1","GENERAL","Study4","PROLIFIC","Facebook","female","Female",,"ugrad","some college","Working full-time","$50,000-$74,999","25-34","Republican",100,100,"B1-3","B1","C","engage","political",3,"gen-z",3,"Other",3,100,100,0,0,0,100,100,0.44,"engage","political",1,"gen-z",2,"Other",3,100,100,0,0,0,100,100,0.7,2.01886616031694,2.24023897799626,-2.39260558522259,-2.67820947172332,-2.4696234842614,1.61049868132306,1.63368797762195,-0.743850757771687,-1.55211174415255,-1.70667466204801,-1.3351831786675,1.94577628644452,1.98871476058213,-1.66573462143779,-2.44687173768319,-2.43294303017582,1.52839697755143,1.49947020200182,-1.59174884229351,-1.37150951039582,-1.55348170472061,-1.35248506438756
"25","R_7rAgHR9m2QCXLBe",26.97,"1","GENERAL","Study4","PROLIFIC","Facebook","female","Female",,"ugrad","some college","Working full-time","$50,000-$74,999","25-34","Republican",100,100,"B1-4","B1","D","engage","political",3,"millennial",3,"Male",3,25,18,61,56,54,0,100,0.61,"engage","political",1,"millennial",2,"Male",3,25,18,61,100,54,0,100,1.11,-0.603492031989441,-0.794111801582419,0.454623066720015,-0.073490291165732,0.0055002750206266,-1.77361285749404,1.63368797762195,-0.673162273887072,-1.55211174415255,-1.70667466204801,-1.3351831786675,-0.628910048829632,-0.831669368918642,0.863760322742075,1.49334040029296,-0.326498848205413,-1.60484815888037,1.49947020200182,-1.25940834968245,-1.37150951039582,-1.55348170472061,-1.35248506438756
"26","R_7plun3cs3qaurHF",33.48,"1","GENERAL","Study4","PROLIFIC","Twitter/X","male","Male",,"hs_or_less","high school diploma or GED ","Working part-time","$25,000-$49,999","35-44","Republican",70,55,"B0-0","B0","F","scroll","individual",5,"gen-z",22,"Female",16,33,41,30,39,34,6,35,2.16,"engage","organization",6,"gen-x",8,"Female",18,49,47,43,39,54,11,37,3,-0.323773824810094,0.0569865878115995,-0.992329199021306,-0.864208613835001,-0.91121222841716,-1.57056616516502,-0.366118397998139,-0.028649626703823,-1.43794390714243,-0.42447542998347,-0.526358326725398,0.194989578458096,0.165783554929192,0.117351978557853,-0.910189003872492,-0.326498848205413,-1.26019119387287,-0.195910679658529,0.272600262597804,-1.03551991941203,-1.19080115108934,-0.321103469785965
"27","R_7plun3cs3qaurHF",33.48,"1","GENERAL","Study4","PROLIFIC","Twitter/X","male","Male",,"hs_or_less","high school diploma or GED ","Working part-time","$25,000-$49,999","35-44","Republican",70,55,"B1-1","B1","A","scroll","individual",16,"boomer",15,"Male",11,57,56,51,55,54,33,43,1.59,"scroll","business",1,"gen-x",16,"Female",5,55,57,41,52,47,17,44,2.39,0.515380796727947,0.612050754807698,-0.012135728680411,-0.120003133675689,0.0055002750206266,-0.6568560496844,-0.119988382537205,-0.265663955022824,-0.810020803586784,-0.896864620744089,-0.837444808241591,0.400964485280027,0.509732839014651,0.0344177180929391,-0.397961425935592,-0.599556427349726,-1.07219648568696,-0.00753502614071269,-0.221857543482066,-1.37150951039582,-0.707227079580977,-1.21496751844068
"28","R_7plun3cs3qaurHF",33.48,"1","GENERAL","Study4","PROLIFIC","Twitter/X","male","Male",,"hs_or_less","high school diploma or GED ","Working part-time","$25,000-$49,999","35-44","Republican",70,55,"B1-2","B1","B","scroll","education",11,"boomer",11,"Male",8,41,25,51,56,52,54,37,2.36,"engage","education",11,"boomer",6,"Male",7,50,34,43,56,30,53,31,3.21,-0.0440556176307471,-0.535081856984239,-0.012135728680411,-0.073490291165732,-0.086170975323152,0.0538073734671921,-0.304585894132905,0.0545132955133703,-1.09544039611208,-1.16680130117873,-1.02409669715131,0.229318729595084,-0.281350514381906,0.117351978557853,-0.240352940416545,-1.26269626241448,0.0557717634284861,-0.357375525530943,0.442823441740054,-0.699530328428245,-1.31169466896643,-1.0774499724938
"29","R_7plun3cs3qaurHF",33.48,"1","GENERAL","Study4","PROLIFIC","Twitter/X","male","Male",,"hs_or_less","high school diploma or GED ","Working part-time","$25,000-$49,999","35-44","Republican",70,55,"B1-3","B1","C","engage","individual",14,"boomer",13,"Male",6,45,55,65,53,55,69,60,2.42,"scroll","political",8,"boomer",18,"Other",10,44,96,0,5,7,60,100,2.4,0.0958034859589264,0.575046477007959,0.641326584880186,-0.213028818695603,0.0513359001925159,0.561424104289758,0.403037900317279,0.0794621721785283,-0.924188640596902,-1.03183296096141,-1.14853128975778,0.0233438227731523,1.85113504694794,-1.66573462143779,-2.24986113078438,-2.15988545103151,0.275098922978712,1.49947020200182,-0.213751677808626,-0.901124083018518,-0.586333561703887,-0.871173653573484
"30","R_7plun3cs3qaurHF",33.48,"1","GENERAL","Study4","PROLIFIC","Twitter/X","male","Male",,"hs_or_less","high school diploma or GED ","Working part-time","$25,000-$49,999","35-44","Republican",70,55,"B1-4","B1","D","engage","business",8,"boomer",8,"Female",5,38,56,35,46,19,46,69,1.82,"engage","political",14,"gen-x",7,"Female",12,43,56,6,29,17,47,58,2.03,-0.148949945323002,0.612050754807698,-0.758949801321093,-0.538618716265302,-1.5987466059955,-0.216921549638176,0.679934167710829,-0.170026594473052,-1.26669215162725,-1.36925381150471,-1.21074858606102,-0.0109853283638364,0.475337910606105,-1.41693184004305,-1.30421021767011,-1.76980319511106,-0.132222944757422,0.36921628089492,-0.513668707725924,-0.497936573837973,-1.25124791002788,-0.733656107626604
"31","R_6F5b2KyY7iqgius",34.73,"1","GENERAL","Study4","PROLIFIC","Instagram","male","Male",,"grad","graduate or professional degree","Retired","Less than $25,000","65+ years","Republican",74,76,"B0-0","B0","F","engage","business",54,"gen-x",44,"Male",3,23,42,51,45,60,71,15,4.49,"engage","business",1,"gen-x",46,"Male",3,24,40,55,54,61,71,14,2.32,-0.673421583784278,0.0939908656113394,-0.012135728680411,-0.585131558775259,0.280514026051963,0.6291063350661,-0.981443436650473,0.94019841712648,1.35916809960545,1.06017631240705,-1.3351831786675,-0.663239199966621,-0.0749809439306302,0.614957541347334,-0.319157183176069,-0.053441269061101,0.61975588798621,-0.814859255502783,-0.27859860319615,-1.37150951039582,1.10617568857537,-1.35248506438756
"32","R_6F5b2KyY7iqgius",34.73,"1","GENERAL","Study4","PROLIFIC","Instagram","male","Male",,"grad","graduate or professional degree","Retired","Less than $25,000","65+ years","Republican",74,76,"B1-1","B1","A","engage","education",33,"gen-x",45,"Male",3,42,43,25,60,61,66,65,1.17,"engage","organization",6,"gen-x",55,"Male",3,39,45,26,42,56,60,60,1.74,-0.00909084173332871,0.130995143411079,-1.22570859672152,0.112561078874096,0.326349651223852,0.459900758125245,0.556869159980362,-0.440306091678931,0.160405810999215,1.12766048251571,-1.3351831786675,-0.148301932911791,0.0969936981120996,-0.587589235393913,-0.791982639733207,-0.248482397021324,0.275098922978712,0.423037896185725,-0.748738812255698,-1.03551991941203,1.65019651902228,-1.35248506438756
"33","R_6F5b2KyY7iqgius",34.73,"1","GENERAL","Study4","PROLIFIC","Instagram","male","Male",,"grad","graduate or professional degree","Retired","Less than $25,000","65+ years","Republican",74,76,"B1-2","B1","B","engage","education",23,"gen-x",28,"Male",3,57,57,56,57,56,57,56,0.56,"engage","education",29,"gen-x",49,"Male",3,65,67,72,65,62,63,68,1.54,0.515380796727947,0.649055032607438,0.221243669019802,-0.026977448655775,0.0971715253644053,0.155330719631705,0.279972892586812,-0.693953004441371,-0.410433374051373,-0.0195704093315113,-1.3351831786675,0.744255996649914,0.853682123100111,1.3198987552991,0.114266152001308,-0.0144330434690564,0.369096277071666,0.638324357348944,-0.910856125724508,0.510032199113389,1.28751596539101,-1.35248506438756
"34","R_6F5b2KyY7iqgius",34.73,"1","GENERAL","Study4","PROLIFIC","Instagram","male","Male",,"grad","graduate or professional degree","Retired","Less than $25,000","65+ years","Republican",74,76,"B1-3","B1","C","engage","business",56,"gen-x",47,"Male",3,22,41,63,62,69,67,20,1.98,"engage","political",43,"gen-x",48,"Male",3,22,42,62,63,71,65,21,2.19,-0.708386359681696,0.0569865878115995,0.547974825800101,0.20558676389401,0.693034652598966,0.493741873513416,-0.827612176987389,-0.103496256699297,1.47333593661557,1.26262882273302,-1.3351831786675,-0.731897502240598,-0.00619108711353826,0.905227452974532,0.0354619092417853,0.336640986859345,0.431761179800302,-0.626483601984967,-0.383974856950876,1.45080305386799,1.22706920645246,-1.35248506438756
"35","R_6F5b2KyY7iqgius",34.73,"1","GENERAL","Study4","PROLIFIC","Instagram","male","Male",,"grad","graduate or professional degree","Retired","Less than $25,000","65+ years","Republican",74,76,"B1-4","B1","D","engage","education",23,"gen-x",20,"Male",3,51,54,51,51,51,51,55,0.84,"engage","individual",38,"gen-x",47,"Male",3,71,32,43,43,56,35,42,1.97,0.305592141343437,0.538042199208219,-0.012135728680411,-0.306054503715517,-0.132006600495041,-0.0477159726973211,0.249206640654195,-0.5775249133373,-0.410433374051373,-0.55944377020079,-1.3351831786675,0.950230903471846,-0.350140371198998,0.117351978557853,-0.752580518353446,-0.248482397021324,-0.508212361129238,-0.0613566414315174,-0.562303901766567,1.11481346288421,1.16662244751392,-1.35248506438756
"36","R_1tllC65FM331Hu0",35.87,"1","GENERAL","Study4","PROLIFIC","Facebook","female","Female",,"ugrad","associates or technical degree","Retired","$25,000-$49,999","55-64","Democrat",41,45,"B0-0","B0","F","scroll","individual",38,"gen-x",19,"Female",25,100,100,50,51,51,60,51,1.79,"engage","education",39,"millennial",23,"Female",26,37,66,23,82,82,64,0,2.77,2.01886616031694,2.24023897799626,-0.0588116082204536,-0.306054503715517,-0.132006600495041,0.256854065796218,0.126141632923729,-0.182501032805631,0.445825403524509,-0.626927940309449,0.0335973400037488,-0.216960235185768,0.819287194691565,-0.711990626091283,0.784102215457255,0.765731468371836,0.400428728435984,-1.19161056253842,0.0861653521086724,1.18201138108096,-0.284099767011162,0.228966714001555
"37","R_1tllC65FM331Hu0",35.87,"1","GENERAL","Study4","PROLIFIC","Facebook","female","Female",,"ugrad","associates or technical degree","Retired","$25,000-$49,999","55-64","Democrat",41,45,"B1-1","B1","A","scroll","business",3,"millennial",38,"Male",35,0,0,80,27,51,0,0,1.4,"scroll","individual",1,"gen-z",15,"Male",15,70,77,51,51,51,0,0,2.88,-1.4776114294249,-1.46018880197774,1.34146477798083,-1.42236272395448,-0.132006600495041,-1.77361285749404,-1.44293721563972,-0.344668731129158,-1.55211174415255,0.655271291755087,0.655770303036135,0.915901752334857,1.19763140718557,0.449089020417507,-0.437363547315353,-0.443523524981547,-1.60484815888037,-1.19161056253842,0.175329874516518,-1.37150951039582,-0.767673838519522,-0.527379788706284
"38","R_1tllC65FM331Hu0",35.87,"1","GENERAL","Study4","PROLIFIC","Facebook","female","Female",,"ugrad","associates or technical degree","Retired","$25,000-$49,999","55-64","Democrat",41,45,"B1-2","B1","B","scroll","business",23,"gen-x",20,"Male",17,42,44,51,51,51,0,51,1.21,"engage","education",20,"millennial",23,"Female",15,42,42,45,94,93,0,0,4.28,-0.00909084173332871,0.167999421210819,-0.012135728680411,-0.306054503715517,-0.132006600495041,-1.77361285749404,0.126141632923729,-0.423673507235492,-0.410433374051373,-0.55944377020079,-0.46414103042216,-0.045314479500825,-0.00619108711353826,0.200286239022766,1.25692767201439,1.19482194988433,-1.60484815888037,-1.19161056253842,1.31015106879819,-0.0947490646574281,-0.284099767011162,-0.527379788706284
"39","R_1tllC65FM331Hu0",35.87,"1","GENERAL","Study4","PROLIFIC","Facebook","female","Female",,"ugrad","associates or technical degree","Retired","$25,000-$49,999","55-64","Democrat",41,45,"B1-3","B1","C","engage","political",39,"boomer",20,"Male",26,31,27,100,0,0,38,100,1.46,"engage","political",1,"millennial",41,"Male",36,9,10,27,100,100,32,100,2.87,-0.393703376604931,-0.46107330138476,2.27498236878168,-2.67820947172332,-2.4696234842614,-0.487650472743545,1.63368797762195,-0.319719854464,0.502909322029568,-0.55944377020079,0.0958146363069874,-1.17817646702145,-1.10682879618701,-0.546122105161456,1.49334040029296,1.46787952902864,-0.602209715222192,1.49947020200182,0.167224008843077,-1.37150951039582,0.803941893882649,0.916554443735954
"40","R_1tllC65FM331Hu0",35.87,"1","GENERAL","Study4","PROLIFIC","Facebook","female","Female",,"ugrad","associates or technical degree","Retired","$25,000-$49,999","55-64","Democrat",41,45,"B1-4","B1","D","scroll","news",31,"millennial",26,"Male",18,36,39,31,83,51,11,0,2.19,"engage","news",25,"millennial",15,"Male",15,16,14,25,51,51,22,0,2.78,-0.218879497117839,-0.0170219677878804,-0.945653319481264,1.18235645660311,-0.132006600495041,-1.40136058822416,-1.44293721563972,-0.0161751883712441,0.0462379739890976,-0.154538749548831,-0.401923734118921,-0.93787240906253,-0.969249082552825,-0.62905636562637,-0.437363547315353,-0.443523524981547,-0.915534228865372,-1.19161056253842,0.0942712177821128,0.241240526326359,-0.767673838519522,-0.527379788706284
"41","R_5QrCKYHt51qQEXO",38.78,"1","GENERAL","Study4","PROLIFIC","Facebook","female","Female",,"grad","graduate or professional degree","Working full-time","$100,000-$149,999","45-54","Independent",39,36,"B0-0","B0","F","engage","news",36,"gen-x",26,"Male",26,83,21,50,50,50,50,64,2.67,"engage","education",26,"gen-x",36,"Female",36,79,13,50,50,50,30,50,2.61,1.42446497006082,-0.683098968183199,-0.0588116082204536,-0.352567346225474,-0.177842225666931,-0.0815570880854921,0.526102908047746,0.18341582495002,0.331657566514392,-0.154538749548831,0.0958146363069874,1.22486411256775,-1.00364401096137,0.40762189018505,-0.476765668695115,-0.482531750573592,-0.664874617950828,0.153929819731701,-0.0435284986663755,0.308438444523117,0.501708099189924,0.916554443735954
"42","R_5QrCKYHt51qQEXO",38.78,"1","GENERAL","Study4","PROLIFIC","Facebook","female","Female",,"grad","graduate or professional degree","Working full-time","$100,000-$149,999","45-54","Independent",39,36,"B1-1","B1","A","engage","business",37,"millennial",19,"Female",38,18,37,50,50,50,89,14,1.23,"engage","business",32,"millennial",28,"Female",38,18,23,51,78,50,93,15,2.44,-0.84824546327137,-0.0910305233873603,-0.0588116082204536,-0.352567346225474,-0.177842225666931,1.23824641205318,-1.01220968858309,-0.415357215013773,0.38874148501945,-0.626927940309449,0.84242219194585,-0.869214106788552,-0.659694726875912,0.449089020417507,0.626493729938208,-0.482531750573592,1.30906981800121,-0.787948447857381,-0.181328215114864,0.711625953703662,0.0181340276815635,1.05407198968283
"43","R_5QrCKYHt51qQEXO",38.78,"1","GENERAL","Study4","PROLIFIC","Facebook","female","Female",,"grad","graduate or professional degree","Working full-time","$100,000-$149,999","45-54","Independent",39,36,"B1-2","B1","B","engage","education",44,"boomer",42,"Male",41,32,19,53,69,50,59,13,2.1,"scroll","education",44,"boomer",48,"Male",14,17,17,39,50,50,33,10,2.74,-0.358738600707513,-0.757107523782679,0.0812160303996743,0.531176661463709,-0.177842225666931,0.223012950408047,-1.04297594051571,-0.0535985033689811,0.788328914554862,0.925207972189726,1.02907408085557,-0.903543257925541,-0.866064297327187,-0.0485165423719745,-0.476765668695115,-0.482531750573592,-0.570877263857874,-0.922502486084393,0.0618477550883511,1.51800097206475,1.22706920645246,-0.596138561679724
"44","R_5QrCKYHt51qQEXO",38.78,"1","GENERAL","Study4","PROLIFIC","Facebook","female","Female",,"grad","graduate or professional degree","Working full-time","$100,000-$149,999","45-54","Independent",39,36,"B1-3","B1","C","engage","political",59,"gen-x",42,"Male",45,21,21,50,30,57,77,77,2.08,"engage","political",1,"gen-x",36,"Male",44,13,15,20,25,100,86,100,3.78,-0.743351135579115,-0.683098968183199,-0.0588116082204536,-1.28282419642461,0.143007150536295,0.832153027395126,0.926064183171763,-0.0619147955907004,1.64458769213074,0.925207972189726,1.27794326606852,-1.0408598624735,-0.934854154144279,-0.836392016788654,-1.46181870318915,1.46787952902864,1.08974265845098,1.49947020200182,0.904857785126162,-1.37150951039582,0.501708099189924,1.46662462752347
"45","R_5QrCKYHt51qQEXO",38.78,"1","GENERAL","Study4","PROLIFIC","Facebook","female","Female",,"grad","graduate or professional degree","Working full-time","$100,000-$149,999","45-54","Independent",39,36,"B1-4","B1","D","scroll","business",22,"gen-x",19,"Female",17,21,20,50,54,50,28,12,2.03,"engage","political",9,"gen-x",14,"Male",32,32,22,50,39,54,21,78,4.11,-0.743351135579115,-0.720103245982939,-0.0588116082204536,-0.166515976185646,-0.177842225666931,-0.826061626625255,-1.07374219244832,-0.0827055261449989,-0.467517292556432,-0.626927940309449,-0.46414103042216,-0.388605990870711,-0.694089655284458,0.40762189018505,-0.910189003872492,-0.326498848205413,-0.94686668022969,0.907432433802968,1.1723513523497,-0.83392616482176,-0.828120597458067,0.641519351842194
"46","R_3vc1IVl1UMrAopj",63.75,"1","GENERAL","Study4","PROLIFIC","Facebook","male","Male",,"ugrad","associates or technical degree","Working part-time","Less than $25,000","55-64","Independent",0,0,"B0-0","B0","F","engage","individual",6,"millennial",27,"Female",2,94,51,49,27,51,20,75,2.73,"engage","individual",2,"millennial",22,"Female",2,94,51,49,27,51,20,75,3.57,1.80907750493243,0.427029365808999,-0.105487487760496,-1.42236272395448,-0.132006600495041,-1.09679054973062,0.864531679306529,0.208364701615178,-1.38085998863737,-0.0870545794401711,-1.39740047497074,1.73980137962258,0.303363268563375,0.366154759952594,-1.38301446042963,-0.443523524981547,-0.978199131594008,0.82670001086676,0.734634605983911,-1.30431159219906,-0.344546525949707,-1.421243837361
"47","R_3vc1IVl1UMrAopj",63.75,"1","GENERAL","Study4","PROLIFIC","Facebook","male","Male",,"ugrad","associates or technical degree","Working part-time","Less than $25,000","55-64","Independent",0,0,"B1-1","B1","A","engage","business",2,"millennial",2,"Male",2,46,46,50,50,50,38,50,3.62,"scroll","individual",3,"millennial",1,"Male",2,45,45,50,50,50,38,14,3.2,0.130768261856345,0.242007976810299,-0.0588116082204536,-0.352567346225474,-0.177842225666931,-0.487650472743545,0.0953753809911118,0.578439705481689,-1.60919566265761,-1.77415883215667,-1.39740047497074,0.0576729739101409,0.0969936981120996,0.40762189018505,-0.476765668695115,-0.482531750573592,-0.414215007036284,-0.814859255502783,0.434717576066614,-1.23711367400231,-1.61392846365915,-1.421243837361
"48","R_3vc1IVl1UMrAopj",63.75,"1","GENERAL","Study4","PROLIFIC","Facebook","male","Male",,"ugrad","associates or technical degree","Working part-time","Less than $25,000","55-64","Independent",0,0,"B1-2","B1","B","scroll","individual",2,"gen-x",2,"Male",2,40,40,50,50,50,25,50,3.52,"engage","political",15,"gen-x",1,"Male",2,40,35,34,54,56,26,23,4.53,-0.0790203935281655,0.0199823100118595,-0.0588116082204536,-0.352567346225474,-0.177842225666931,-0.927584972789768,0.0953753809911118,0.536858244373092,-1.60919566265761,-1.77415883215667,-1.39740047497074,-0.113972781774802,-0.24695558597336,-0.255852193534259,-0.319157183176069,-0.248482397021324,-0.7902044234081,-0.572661986694162,1.5127977106342,-0.430738655641215,-1.61392846365915,-1.421243837361
"49","R_3vc1IVl1UMrAopj",63.75,"1","GENERAL","Study4","PROLIFIC","Facebook","male","Male",,"ugrad","associates or technical degree","Working part-time","Less than $25,000","55-64","Independent",0,0,"B1-3","B1","C","scroll","individual",10,"boomer",17,"Male",12,94,89,99,1,1,0,98,1.62,"engage","organization",7,"gen-x",4,"Male",30,91,45,0,97,100,1,37,3.83,1.80907750493243,1.83319192219912,2.22830648924164,-2.63169662921337,-2.42378785908951,-1.77361285749404,1.57215547375671,-0.253189516690245,-1.15252431461714,-0.761896280526769,-0.775227511938353,1.63681392621162,0.0969936981120996,-1.66573462143779,1.37513403615368,1.46787952902864,-1.57351570751605,-0.195910679658529,0.945387113493364,-0.968322001215275,-1.43258818684352,0.504001805895315
"50","R_3vc1IVl1UMrAopj",63.75,"1","GENERAL","Study4","PROLIFIC","Facebook","male","Male",,"ugrad","associates or technical degree","Working part-time","Less than $25,000","55-64","Independent",0,0,"B1-4","B1","D","scroll","political",12,"gen-x",7,"Male",7,32,32,50,50,50,19,63,2.01,"scroll","political",5,"gen-x",3,"Male",6,32,32,50,50,50,19,63,5.48,-0.358738600707513,-0.27605191238606,-0.0588116082204536,-0.352567346225474,-0.177842225666931,-1.13063166511879,0.495336656115129,-0.0910218183667182,-1.03835647760702,-1.43673798161337,-1.08631399345455,-0.388605990870711,-0.350140371198998,0.40762189018505,-0.476765668695115,-0.482531750573592,-1.00953158295833,0.503770319121932,2.28285494961104,-1.10271783760879,-1.49303494578206,-1.14620874546724
"51","R_1NTQKVdgM8CmNO1",22.58,"1","GENERAL","Study4","PROLIFIC","Facebook","female","Female",,"ugrad","undergradudate degree","Working full-time","$150,000 or more","45-54","Republican",57,57,"B0-0","B0","F","engage","individual",41,"millennial",20,"Male",39,30,23,51,75,80,62,10,0.85,"scroll","political",25,"millennial",24,"Male",15,22,21,51,86,81,51,14,1.41,-0.428668152502349,-0.609090412583719,-0.012135728680411,0.810253716523451,1.19722652948975,0.324536296572561,-1.13527469631356,-0.57336676722644,0.617077159039686,-0.55944377020079,0.904639488249089,-0.731897502240598,-0.728484583693004,0.449089020417507,0.941710700976301,0.726723242779792,-0.00689313930014993,-0.814859255502783,-1.01623237947923,0.241240526326359,-0.223653008072617,-0.527379788706284
"52","R_1NTQKVdgM8CmNO1",22.58,"1","GENERAL","Study4","PROLIFIC","Facebook","female","Female",,"ugrad","undergradudate degree","Working full-time","$150,000 or more","45-54","Republican",57,57,"B1-1","B1","A","scroll","business",35,"gen-x",19,"Male",18,51,74,51,65,51,75,8,0.95,"engage","individual",28,"gen-x",33,"Female",38,85,82,51,85,85,51,10,1.46,0.305592141343437,1.27812775520302,-0.012135728680411,0.345125291423881,-0.132006600495041,0.764470796618784,-1.19680720017879,-0.531785306117843,0.274573648009333,-0.626927940309449,-0.401923734118921,1.43083901938969,1.3696060492283,0.449089020417507,0.902308579596539,0.88275614514797,-0.00689313930014993,-0.922502486084393,-0.975703051112032,0.442834280916632,0.320367822374289,1.05407198968283
"53","R_1NTQKVdgM8CmNO1",22.58,"1","GENERAL","Study4","PROLIFIC","Facebook","female","Female",,"ugrad","undergradudate degree","Working full-time","$150,000 or more","45-54","Republican",57,57,"B1-2","B1","B","scroll","individual",36,"gen-x",42,"Male",13,88,79,51,58,51,37,3,2.45,"scroll","individual",28,"gen-x",32,"Male",15,82,81,51,57,51,32,15,3.02,1.59928884954792,1.46314914420172,-0.012135728680411,0.019535393854182,-0.132006600495041,-0.521491588131716,-1.35063845984187,0.0919366105111075,0.331657566514392,0.925207972189726,-0.713010215635114,1.32785156597872,1.33521112081975,0.449089020417507,-0.200950819036784,-0.443523524981547,-0.602209715222192,-0.787948447857381,0.288811993944685,0.442834280916632,0.259921063435744,-0.527379788706284
"54","R_1NTQKVdgM8CmNO1",22.58,"1","GENERAL","Study4","PROLIFIC","Facebook","female","Female",,"ugrad","undergradudate degree","Working full-time","$150,000 or more","45-54","Republican",57,57,"B1-3","B1","C","scroll","political",56,"gen-x",42,"Male",13,21,21,51,35,55,41,51,1.17,"scroll","political",23,"gen-x",18,"Male",15,24,25,51,13,27,27,67,1.3,-0.743351135579115,-0.683098968183199,-0.012135728680411,-1.05025998387483,0.0513359001925159,-0.386127126579032,0.126141632923729,-0.440306091678931,1.47333593661557,0.925207972189726,-0.713010215635114,-0.663239199966621,-0.59090487005882,0.449089020417507,-1.93464415974629,-1.37972093919062,-0.758871972043782,0.611413549703542,-1.10539690188708,0.106844689932844,-0.586333561703887,-0.527379788706284
"55","R_1NTQKVdgM8CmNO1",22.58,"1","GENERAL","Study4","PROLIFIC","Facebook","female","Female",,"ugrad","undergradudate degree","Working full-time","$150,000 or more","45-54","Republican",57,57,"B1-4","B1","D","engage","political",9,"gen-x",10,"Male",11,83,85,51,69,51,69,7,0.86,"engage","political",29,"gen-x",30,"Male",38,79,86,51,67,39,19,7,1.43,1.42446497006082,1.68517481100016,-0.012135728680411,0.531176661463709,-0.132006600495041,0.561424104289758,-1.22757345211141,-0.56920862111558,-1.2096082331222,-1.23428547128739,-0.837444808241591,1.22486411256775,1.50718576286248,0.449089020417507,0.193070394760831,-0.911622232086083,-1.00953158295833,-1.0032349090206,-1.00002064813235,0.510032199113389,0.139027545558654,1.05407198968283
"56","R_3hH2y8Xn2WdtjbS",29.77,"1","GENERAL","Study4","PROLIFIC","Twitter/X","male","Male",,"ugrad","associates or technical degree","Retired","$25,000-$49,999","65+ years","Independent",24,24,"B0-0","B0","F","scroll","individual",33,"millennial",34,"Male",33,42,71,48,48,57,66,75,1.53,"engage","news",25,"gen-z",20,"Female",23,44,59,28,74,77,74,76,2.39,-0.00909084173332871,1.1671149218038,-0.152163367300539,-0.445593031245388,0.143007150536295,0.459900758125245,0.864531679306529,-0.290612831687982,0.160405810999215,0.385334611320447,0.531335710429657,0.0233438227731523,0.578522695831743,-0.504654974928999,0.468885244419162,0.570690340411613,0.713753242079164,0.853610818512163,-0.221857543482066,0.241240526326359,-0.465440043826797,0.0226903950812351
"57","R_3hH2y8Xn2WdtjbS",29.77,"1","GENERAL","Study4","PROLIFIC","Twitter/X","male","Male",,"ugrad","associates or technical degree","Retired","$25,000-$49,999","65+ years","Independent",24,24,"B1-1","B1","A","engage","business",24,"millennial",21,"Male",19,20,20,51,51,51,79,79,1.08,"scroll","business",44,"millennial",37,"Female",41,12,17,51,86,51,81,10,2.35,-0.778315911476533,-0.720103245982939,-0.012135728680411,-0.306054503715517,-0.132006600495041,0.899835258171468,0.987596687036996,-0.477729406676668,-0.353349455546314,-0.49195960009213,-0.339706437815683,-1.07518901361048,-0.866064297327187,0.449089020417507,0.941710700976301,-0.443523524981547,0.933080401629391,-0.922502486084393,-0.254281006175828,1.51800097206475,0.562154858128469,1.26034830860315
"58","R_3hH2y8Xn2WdtjbS",29.77,"1","GENERAL","Study4","PROLIFIC","Twitter/X","male","Male",,"ugrad","associates or technical degree","Retired","$25,000-$49,999","65+ years","Independent",24,24,"B1-2","B1","B","scroll","political",22,"gen-x",20,"Female",18,23,27,51,51,51,80,17,0.95,"engage","education",12,"millennial",21,"Female",22,16,17,21,81,87,83,17,2.88,-0.673421583784278,-0.46107330138476,-0.012135728680411,-0.306054503715517,-0.132006600495041,0.933676373559639,-0.919910932785239,-0.531785306117843,-0.467517292556432,-0.55944377020079,-0.401923734118921,-0.93787240906253,-0.866064297327187,-0.794924886556197,0.744700094077493,0.960772596332059,0.995745304358027,-0.734126832566576,0.175329874516518,-0.632332410231488,-0.404993284888252,-0.0460683778922049
"59","R_3hH2y8Xn2WdtjbS",29.77,"1","GENERAL","Study4","PROLIFIC","Twitter/X","male","Male",,"ugrad","associates or technical degree","Retired","$25,000-$49,999","65+ years","Independent",24,24,"B1-3","B1","C","engage","political",23,"boomer",20,"Male",16,25,26,76,51,22,60,81,1.23,"engage","news",28,"gen-x",17,"Male",17,18,20,11,81,90,82,12,2.48,-0.603492031989441,-0.4980775791845,1.15476125982065,-0.306054503715517,-1.46123973047983,0.256854065796218,1.04912919090223,-0.415357215013773,-0.410433374051373,-0.55944377020079,-0.526358326725398,-0.869214106788552,-0.76287951210155,-1.20959618888077,0.744700094077493,1.07779727310819,0.964412852993708,-0.868680870793588,-0.148904752421102,0.442834280916632,-0.646780320642432,-0.389862242759404
"60","R_3hH2y8Xn2WdtjbS",29.77,"1","GENERAL","Study4","PROLIFIC","Twitter/X","male","Male",,"ugrad","associates or technical degree","Retired","$25,000-$49,999","65+ years","Independent",24,24,"B1-4","B1","D","engage","education",25,"millennial",22,"Female",21,21,24,21,81,77,76,76,0.81,"scroll","political",40,"gen-x",21,"Male",39,20,21,53,90,52,77,10,2.42,-0.743351135579115,-0.572086134783979,-1.41241211488169,1.08933077158319,1.05971965397408,0.798311912006955,0.895297931239146,-0.589999351669879,-0.296265537041255,-0.42447542998347,-0.215271845209206,-0.800555804514575,-0.728484583693004,0.532023280882421,1.09931918649535,-0.404515299389503,0.807750596172118,-0.922502486084393,-0.197539946461745,1.24920929927772,-0.404993284888252,1.12283076265627
"61","R_36lsPCIUrHD1d6y",71.7,"1","GENERAL","Study4","PROLIFIC","Instagram","female","Female",,"ugrad","undergradudate degree","Working full-time","$50,000-$74,999","45-54","Republican",51,64,"B0-0","B0","F","scroll","business",40,"gen-x",37,"Female",46,26,19,84,78,72,62,28,11.95,"engage","business",32,"gen-x",40,"Female",37,81,78,71,83,76,64,75,5.03,-0.568527256092023,-0.757107523782679,1.528168296141,0.949792244053322,0.830541528114634,0.324536296572561,-0.581482161526456,4.04217541582779,0.559993240534627,0.587787121646427,1.34016056237176,1.29352241484173,1.23202633559412,1.27843162506664,0.823504336837016,0.531682114819568,0.400428728435984,0.82670001086676,1.91809099430622,0.711625953703662,0.743495134944104,0.985313216709394
"62","R_36lsPCIUrHD1d6y",71.7,"1","GENERAL","Study4","PROLIFIC","Instagram","female","Female",,"ugrad","undergradudate degree","Working full-time","$50,000-$74,999","45-54","Republican",51,64,"B1-1","B1","A","scroll","education",30,"millennial",34,"Male",28,21,21,75,75,71,72,17,4.67,"engage","education",22,"millennial",34,"Female",36,15,14,42,85,82,79,10,5.49,-0.743351135579115,-0.683098968183199,1.10808538028061,0.810253716523451,0.784705902942745,0.662947450454271,-0.919910932785239,1.01504504712195,-0.0108459445159612,0.385334611320447,0.220249228913465,-0.972201560199518,-0.969249082552825,0.0758848483253959,0.902308579596539,0.765731468371836,0.870415498900755,-0.922502486084393,2.29096081528449,0.0396467717360869,0.380814581312834,0.916554443735954
"63","R_36lsPCIUrHD1d6y",71.7,"1","GENERAL","Study4","PROLIFIC","Instagram","female","Female",,"ugrad","undergradudate degree","Working full-time","$50,000-$74,999","45-54","Republican",51,64,"B1-2","B1","B","scroll","political",36,"gen-x",44,"Male",34,33,40,44,60,62,26,61,3.75,"engage","political",30,"gen-x",42,"Male",31,24,24,23,55,42,34,70,5.09,-0.323773824810094,0.0199823100118595,-0.338866885460709,0.112561078874096,0.372185276395741,-0.893743857401597,0.433804152249895,0.632495604922865,0.331657566514392,1.06017631240705,0.593553006732896,-0.663239199966621,-0.625299798467366,-0.711990626091283,-0.279755061796307,-0.794597555309949,-0.539544812493556,0.692145972639749,1.96672618834687,0.577230117310147,0.864388652821194,0.572760578868754
"64","R_36lsPCIUrHD1d6y",71.7,"1","GENERAL","Study4","PROLIFIC","Instagram","female","Female",,"ugrad","undergradudate degree","Working full-time","$50,000-$74,999","45-54","Republican",51,64,"B1-3","B1","C","engage","political",39,"millennial",29,"Male",30,20,23,56,77,82,88,28,1.43,"engage","political",37,"gen-x",40,"Male",21,14,14,3,30,19,73,84,2.82,-0.778315911476533,-0.609090412583719,0.221243669019802,0.903279401543365,1.28889777983353,1.20440529666501,-0.581482161526456,-0.332194292796579,0.502909322029568,0.0479137607771485,0.344683821519942,-1.00653071133651,-0.969249082552825,-1.54133323074042,-1.26480809629035,-1.69178674392698,0.682420790714846,1.06889727967538,0.126694680475875,1.04761554468745,0.743495134944104,-0.114827150865645
"65","R_36lsPCIUrHD1d6y",71.7,"1","GENERAL","Study4","PROLIFIC","Instagram","female","Female",,"ugrad","undergradudate degree","Working full-time","$50,000-$74,999","45-54","Republican",51,64,"B1-4","B1","D","engage","business",19,"millennial",16,"Male",24,58,65,42,57,57,72,20,6.78,"engage","news",18,"millennial",26,"Male",29,36,33,33,79,86,77,16,4.42,0.550345572625365,0.945089255005358,-0.432218644540795,-0.026977448655775,0.143007150536295,0.662947450454271,-0.827612176987389,1.89241387651334,-0.638769048071608,-0.829380450635429,-0.0286199562994898,-0.251289386322757,-0.315745442790452,-0.297319323766715,0.66589585131797,0.921764370740015,0.807750596172118,-0.761037640211979,1.42363318822635,-0.229144901050943,-0.102759490195526,0.435243032921875
"66","R_6sztunJID4Cs9fB",34.55,"1","GENERAL","Study4","PROLIFIC","Instagram","male","Male",,"grad","graduate or professional degree","Working full-time","$100,000-$149,999","45-54","Democrat",23,25,"B0-0","B0","F","engage","education",30,"gen-x",36,"Male",50,30,36,30,65,71,43,24,2.29,"engage","education",20,"gen-x",37,"Male",47,25,29,19,79,88,32,17,1.55,-0.428668152502349,-0.1280348011871,-0.992329199021306,0.345125291423881,0.784705902942745,-0.318444895802689,-0.704547169256922,0.0254062727373527,-0.0108459445159612,0.520302951537767,1.58902974758471,-0.628910048829632,-0.453325156424636,-0.877859147021111,0.66589585131797,0.999780821924104,-0.602209715222192,-0.734126832566576,-0.902750260051067,-0.0947490646574281,0.562154858128469,1.67290094644379
"67","R_6sztunJID4Cs9fB",34.55,"1","GENERAL","Study4","PROLIFIC","Instagram","male","Male",,"grad","graduate or professional degree","Working full-time","$100,000-$149,999","45-54","Democrat",23,25,"B1-1","B1","A","scroll","business",35,"millennial",32,"Female",32,32,34,20,80,75,72,65,2.22,"scroll","business",38,"millennial",40,"Female",34,35,36,28,86,85,81,64,2.5,-0.358738600707513,-0.20204335678658,-1.45908799442173,1.04281792907324,0.968048403630302,0.662947450454271,0.556869159980362,-0.00370075003866498,0.274573648009333,0.250366271103128,0.469118414126419,-0.285618537459746,-0.212560657564814,-0.504654974928999,0.941710700976301,0.88275614514797,0.933080401629391,0.530681126767334,-0.132693021074221,1.11481346288421,0.743495134944104,0.779036897789074
"68","R_6sztunJID4Cs9fB",34.55,"1","GENERAL","Study4","PROLIFIC","Instagram","male","Male",,"grad","graduate or professional degree","Working full-time","$100,000-$149,999","45-54","Democrat",23,25,"B1-2","B1","B","engage","education",47,"gen-x",34,"Male",42,20,27,17,88,76,75,20,2.47,"engage","news",43,"gen-x",43,"Male",39,10,19,20,92,91,90,12,1.67,-0.778315911476533,-0.46107330138476,-1.59911563304186,1.41492066915289,1.01388402880219,0.764470796618784,-0.827612176987389,0.100252902732827,0.959580670070038,0.385334611320447,1.0912913771588,-1.14384731588446,-0.797274440510096,-0.836392016788654,1.17812342925487,1.11680549870024,1.21507246390825,-0.868680870793588,-0.805479871969781,1.45080305386799,0.924835411759739,1.12283076265627
"69","R_6sztunJID4Cs9fB",34.55,"1","GENERAL","Study4","PROLIFIC","Instagram","male","Male",,"grad","graduate or professional degree","Working full-time","$100,000-$149,999","45-54","Democrat",23,25,"B1-3","B1","C","engage","business",55,"millennial",48,"Male",52,2,2,40,95,94,95,2,1.51,"engage","business",1,"millennial",56,"Male",49,2,1,39,95,94,98,1,1.3,-1.40768187763006,-1.38618024637826,-0.52557040362088,1.74051056672259,1.8389252818962,1.44129310438221,-1.38140471177449,-0.298929123909702,1.41625201811051,1.33011299284168,1.71346434019119,-1.41848052498037,-1.41638315186392,-0.0485165423719745,1.29632979339415,1.23383017547637,1.4657320748228,-1.16469975489301,-1.10539690188708,-1.37150951039582,1.71064327796082,1.81041849239067
"70","R_6sztunJID4Cs9fB",34.55,"1","GENERAL","Study4","PROLIFIC","Instagram","male","Male",,"grad","graduate or professional degree","Working full-time","$100,000-$149,999","45-54","Democrat",23,25,"B1-4","B1","D","engage","political",29,"millennial",41,"Male",36,31,27,30,33,69,77,66,1.83,"engage","political",35,"millennial",51,"Male",36,21,25,21,27,76,81,76,0.85,-0.393703376604931,-0.46107330138476,-0.992329199021306,-1.14328566889474,0.693034652598966,0.832153027395126,0.587635411912979,-0.165868448362192,-0.06792986302102,0.857723802081066,0.717987599339373,-0.766226653377587,-0.59090487005882,-0.794924886556197,-1.38301446042963,0.531682114819568,0.933080401629391,0.853610818512163,-1.4701608571919,0.913219708293934,1.4084094832681,0.916554443735954
"71","R_5htDl6TU8QrF1zZ",81.22,"1","GENERAL","Study4","PROLIFIC","Instagram","male","Male",,"ugrad","undergradudate degree","Working full-time","$100,000-$149,999","18-24","Republican",14,46,"B0-0","B0","F","scroll","political",27,"gen-z",29,"Male",26,65,59,74,64,78,68,74,9.48,"scroll","business",22,"boomer",29,"Male",26,67,35,68,70,72,34,74,6.48,0.795099003907294,0.723063588206918,1.06140950074057,0.298612448913924,1.10555527914597,0.527582988901587,0.833765427373913,3.01511332644546,-0.182097700031138,0.0479137607771485,0.0958146363069874,0.812914298923891,-0.24695558597336,1.15403023436927,0.311276758900116,0.37564921245139,-0.539544812493556,0.799789203221358,3.09344151695509,0.0396467717360869,0.0785807866201086,0.228966714001555
"72","R_5htDl6TU8QrF1zZ",81.22,"1","GENERAL","Study4","PROLIFIC","Instagram","male","Male",,"ugrad","undergradudate degree","Working full-time","$100,000-$149,999","18-24","Republican",14,46,"B1-1","B1","A","scroll","news",48,"gen-x",28,"Female",28,69,79,41,67,65,71,71,1.93,"scroll","education",18,"gen-x",26,"Male",28,71,65,67,38,63,67,69,0.97,0.934958107496968,1.46314914420172,-0.478894524080837,0.438150976443795,0.509692151911409,0.6291063350661,0.741466671576062,-0.124286987253596,1.0166645885751,-0.0195704093315113,0.220249228913465,0.950230903471846,0.784892266283019,1.11256310413682,-0.949591125252253,0.0245751821229882,0.494426082528938,0.665235164994346,-1.37289046911062,-0.229144901050943,-0.102759490195526,0.366484259948435
"73","R_5htDl6TU8QrF1zZ",81.22,"1","GENERAL","Study4","PROLIFIC","Instagram","male","Male",,"ugrad","undergradudate degree","Working full-time","$100,000-$149,999","18-24","Republican",14,46,"B1-2","B1","B","scroll","political",30,"millennial",28,"Female",47,71,71,69,38,71,38,74,2.27,"scroll","political",19,"gen-x",25,"Male",28,64,66,59,66,56,32,63,0.59,1.0048876592918,1.1671149218038,0.828030103040356,-0.910721456344958,0.784705902942745,-0.487650472743545,0.833765427373913,0.0170899805156333,-0.0108459445159612,-0.0195704093315113,1.402377858675,0.709926845512925,0.819287194691565,0.780826062277162,0.15366827338107,-0.248482397021324,-0.602209715222192,0.503770319121932,-1.68091336470135,-0.161946982854186,-0.163206249134072,0.366484259948435
"74","R_5htDl6TU8QrF1zZ",81.22,"1","GENERAL","Study4","PROLIFIC","Instagram","male","Male",,"ugrad","undergradudate degree","Working full-time","$100,000-$149,999","18-24","Republican",14,46,"B1-3","B1","C","engage","business",45,"boomer",33,"Male",27,74,29,79,66,67,74,73,18.51,"engage","business",16,"gen-x",35,"Male",24,64,76,83,38,59,66,70,1.72,1.10978198698406,-0.38706474578528,1.29478889844078,0.391638133933838,0.601363402255188,0.730629681230613,0.802999175441296,6.76991926455174,0.845412833059921,0.317850441211788,0.158031932610226,0.709926845512925,1.16323647877702,1.77603718785613,-0.949591125252253,-0.13145772024519,0.46309363116462,0.692145972639749,-0.764950543602579,-0.363540737444458,0.441261340251379,0.091449168054675
"75","R_5htDl6TU8QrF1zZ",81.22,"1","GENERAL","Study4","PROLIFIC","Instagram","male","Male",,"ugrad","undergradudate degree","Working full-time","$100,000-$149,999","18-24","Republican",14,46,"B1-4","B1","D","scroll","news",34,"gen-x",14,"Male",29,63,74,65,60,72,72,71,4.83,"scroll","business",21,"boomer",40,"Male",28,64,62,39,66,62,62,62,1.15,0.725169452112457,1.27812775520302,0.641326584880186,0.112561078874096,0.830541528114634,0.662947450454271,0.741466671576062,1.08157538489571,0.217489729504274,-0.964348790852748,0.282466525216703,0.709926845512925,0.681707481057381,-0.0485165423719745,0.15366827338107,-0.0144330434690564,0.337763825707348,0.47685951147653,-1.22698488698869,-0.0275511464606706,0.743495134944104,0.366484259948435
"76","R_7R8rCmYaThQKwOz",28.08,"1","GENERAL","Study4","PROLIFIC","Twitter/X","male","Male",,"ugrad","some college","Working full-time","$50,000-$74,999","35-44","Independent",43,43,"B0-0","B0","F","engage","individual",44,"millennial",24,"Female",28,86,90,24,13,10,12,93,1.84,"scroll","education",35,"gen-x",38,"Female",24,87,97,27,40,55,13,17,4.05,1.52935929775308,1.87019619999886,-1.27238447626156,-2.07354251909388,-2.0112672325425,-1.36751947283599,1.41832421409363,-0.161710302251333,0.788328914554862,-0.28950708976615,0.220249228913465,1.49949732166366,1.88552997535649,-0.546122105161456,-0.87078688249273,-0.287490622613369,-1.19752629114423,-0.734126832566576,1.12371615830905,0.913219708293934,0.622601617067014,0.091449168054675
"77","R_7R8rCmYaThQKwOz",28.08,"1","GENERAL","Study4","PROLIFIC","Twitter/X","male","Male",,"ugrad","some college","Working full-time","$50,000-$74,999","35-44","Independent",43,43,"B1-1","B1","A","engage","news",26,"gen-x",29,"Female",12,13,6,42,87,53,86,43,1.29,"engage","business",11,"gen-z",26,"Female",23,27,13,39,72,56,89,6,2.5,-1.02306934275846,-1.2381631351793,-0.432218644540795,1.36840782664293,-0.0403353501512627,1.13672306588867,-0.119988382537205,-0.390408338348614,-0.239181618536196,0.0479137607771485,-0.775227511938353,-0.560251746555655,-1.00364401096137,-0.0485165423719745,0.390081001659639,-0.248482397021324,1.18374001254393,-1.030145716666,-0.132693021074221,-0.699530328428245,-0.102759490195526,0.0226903950812351
"78","R_7R8rCmYaThQKwOz",28.08,"1","GENERAL","Study4","PROLIFIC","Twitter/X","male","Male",,"ugrad","some college","Working full-time","$50,000-$74,999","35-44","Independent",43,43,"B1-2","B1","B","scroll","business",28,"millennial",12,"Male",25,27,28,45,70,49,82,17,1.06,"scroll","business",15,"millennial",44,"Male",21,16,20,43,57,54,12,9,2.51,-0.533562480194604,-0.42406902358502,-0.292191005920667,0.577689503973666,-0.22367785083882,1.00135860433598,-0.919910932785239,-0.486045698898387,-0.125013781526079,-1.09931713107007,0.0335973400037488,-0.93787240906253,-0.76287951210155,0.117351978557853,-0.200950819036784,-0.326498848205413,-1.22885874250855,-0.949413293729795,-0.12458715540078,-0.430738655641215,0.985282170698284,-0.114827150865645
"79","R_7R8rCmYaThQKwOz",28.08,"1","GENERAL","Study4","PROLIFIC","Twitter/X","male","Male",,"ugrad","some college","Working full-time","$50,000-$74,999","35-44","Independent",43,43,"B1-3","B1","C","engage","individual",15,"millennial",12,"Male",46,27,42,91,45,36,63,80,1.04,"engage","political",33,"millennial",34,"Male",19,32,32,30,45,55,69,9,2.65,-0.533562480194604,0.0939908656113394,1.85489945292129,-0.585131558775259,-0.819540978073381,0.358377411960732,1.01836293896961,-0.494361991120106,-0.867104722091843,-1.09931713107007,1.34016056237176,-0.388605990870711,-0.350140371198998,-0.421720714464086,-0.673776275593922,-0.287490622613369,0.557090985257574,-0.949413293729795,-0.0111050359726135,0.778823871900419,0.380814581312834,-0.252344696812525
"80","R_7R8rCmYaThQKwOz",28.08,"1","GENERAL","Study4","PROLIFIC","Twitter/X","male","Male",,"ugrad","some college","Working full-time","$50,000-$74,999","35-44","Independent",43,43,"B1-4","B1","D","engage","education",17,"gen-x",14,"Female",22,44,36,31,66,61,68,12,1.1,"scroll","education",27,"gen-x",27,"Female",22,43,41,36,67,61,62,7,1.72,0.060838710061508,-0.1280348011871,-0.945653319481264,0.391638133933838,0.326349651223852,0.527582988901587,-1.07374219244832,-0.469413114454948,-0.752936885081726,-0.964348790852748,-0.153054548905967,-0.0109853283638364,-0.0405860155220842,-0.172917933069345,0.193070394760831,-0.053441269061101,0.337763825707348,-1.0032349090206,-0.764950543602579,0.375636362719874,-0.0423127312569815,-0.0460683778922049
"81","R_5UYDpAXFJrEKvCo",33.58,"1","GENERAL","Study4","PROLIFIC","Instagram","male","Male",,"ugrad","undergradudate degree","Working part-time","$100,000-$149,999","35-44","Republican",94,100,"B0-0","B0","F","engage","education",17,"boomer",31,"Male",15,85,86,50,55,40,0,36,2.21,"scroll","education",12,"gen-x",11,"Male",14,83,87,50,50,30,0,90,2.9,1.49439452185566,1.7221790887999,-0.0588116082204536,-0.120003133675689,-0.636198477385824,-1.77361285749404,-0.335352146065522,-0.00785889614952474,-0.752936885081726,0.182882100994468,-0.588575623028637,1.36218071711571,1.54158069127103,0.40762189018505,-0.476765668695115,-1.26269626241448,-1.60484815888037,1.2303621255478,0.191541605863399,-0.632332410231488,-1.0094608742737,-0.596138561679724
"82","R_5UYDpAXFJrEKvCo",33.58,"1","GENERAL","Study4","PROLIFIC","Instagram","male","Male",,"ugrad","undergradudate degree","Working part-time","$100,000-$149,999","35-44","Republican",94,100,"B1-1","B1","A","engage","education",55,"boomer",47,"Male",49,2,2,50,81,50,89,18,1,"engage","news",36,"millennial",50,"Male",41,10,3,50,80,50,92,0,3.49,-1.40768187763006,-1.38618024637826,-0.0588116082204536,1.08933077158319,-0.177842225666931,1.23824641205318,-0.889144680852623,-0.510994575563545,1.41625201811051,1.26262882273302,1.52681245128147,-1.14384731588446,-1.34759329504683,0.40762189018505,0.705297972697732,-0.482531750573592,1.27773736663689,-1.19161056253842,0.669787680596388,0.980417626490692,1.34796272432955,1.26034830860315
"83","R_5UYDpAXFJrEKvCo",33.58,"1","GENERAL","Study4","PROLIFIC","Instagram","male","Male",,"ugrad","undergradudate degree","Working part-time","$100,000-$149,999","35-44","Republican",94,100,"B1-2","B1","B","scroll","business",51,"millennial",46,"Female",23,16,13,51,50,50,79,19,0.93,"scroll","news",34,"millennial",43,"Female",13,25,15,0,28,70,80,80,3.17,-0.918175015066207,-0.979133190581119,-0.012135728680411,-0.352567346225474,-0.177842225666931,0.899835258171468,-0.858378428920006,-0.540101598339563,1.18791634409027,1.19514465262436,-0.0908372526027284,-0.628910048829632,-0.934854154144279,-1.66573462143779,-1.34361233904987,0.297632761267301,0.901747950265072,0.961254049093772,0.410399979046292,0.846021790097177,0.924835411759739,-0.664897334653164
"84","R_5UYDpAXFJrEKvCo",33.58,"1","GENERAL","Study4","PROLIFIC","Instagram","male","Male",,"ugrad","undergradudate degree","Working part-time","$100,000-$149,999","35-44","Republican",94,100,"B1-3","B1","C","engage","news",45,"gen-x",48,"Male",31,7,8,78,50,70,95,14,2.83,"scroll","individual",43,"gen-x",48,"Male",37,10,96,0,0,0,100,100,2.5,-1.23285799814297,-1.16415457957982,1.24811301890074,-0.352567346225474,0.738870277770856,1.44129310438221,-1.01220968858309,0.249946162723775,0.845412833059921,1.33011299284168,0.40690111782318,-1.14384731588446,1.85113504694794,-1.66573462143779,-2.44687173768319,-2.43294303017582,1.52839697755143,1.49947020200182,-0.132693021074221,1.45080305386799,1.22706920645246,0.985313216709394
"85","R_5UYDpAXFJrEKvCo",33.58,"1","GENERAL","Study4","PROLIFIC","Instagram","male","Male",,"ugrad","undergradudate degree","Working part-time","$100,000-$149,999","35-44","Republican",94,100,"B1-4","B1","D","scroll","news",31,"millennial",32,"Male",28,10,10,24,38,15,91,10,1.37,"engage","political",28,"gen-x",23,"Male",11,10,9,40,50,40,90,10,1.95,-1.12796367045072,-1.09014602398034,-1.27238447626156,-0.910721456344958,-1.78208910668306,1.30592864282952,-1.13527469631356,-0.357143169461737,0.0462379739890976,0.250366271103128,0.220249228913465,-1.14384731588446,-1.14122372459556,-0.00704941213951773,-0.476765668695115,-0.872614006494038,1.21507246390825,-0.922502486084393,-0.578515633113448,0.442834280916632,-0.284099767011162,-0.802414880600044
"86","R_3OWbK8q3iEaXjhL",20.05,"1","GENERAL","Study4","PROLIFIC","Instagram","female","Female",,"ugrad","undergradudate degree","Working full-time","$75,000-$99,999","55-64","Republican",76,77,"B0-0","B0","F","engage","business",52,"boomer",49,"Female",52,10,17,92,86,84,91,89,0.95,"engage","political",43,"boomer",51,"Female",45,4,4,92,93,95,91,94,1.73,-1.12796367045072,-0.831116079382159,1.90157533246134,1.32189498413298,1.38056903017731,1.30592864282952,1.29525920636316,-0.531785306117843,1.24500026259533,1.39759716295034,1.71346434019119,-1.34982222270639,-1.31319836663829,2.14924135994824,1.21752555063463,1.27283840106842,1.24640491527257,1.33800535612941,-0.756844677929138,1.45080305386799,1.4084094832681,1.53538340049691
"87","R_3OWbK8q3iEaXjhL",20.05,"1","GENERAL","Study4","PROLIFIC","Instagram","female","Female",,"ugrad","undergradudate degree","Working full-time","$75,000-$99,999","55-64","Republican",76,77,"B1-1","B1","A","scroll","political",58,"millennial",54,"Female",52,93,89,93,89,88,92,92,0.75,"scroll","business",47,"millennial",53,"Male",44,90,92,92,90,91,89,93,1.72,1.77411272903501,1.83319192219912,1.94825121200138,1.46143351166285,1.56391153086486,1.33976975821769,1.38755796216101,-0.614948228335037,1.58750377362569,1.73501801349364,1.71346434019119,1.60248477507463,1.71355533331376,2.14924135994824,1.09931918649535,1.11680549870024,1.18374001254393,1.311094548484,-0.764950543602579,1.71959472665502,1.52930300114519,1.46662462752347
"88","R_3OWbK8q3iEaXjhL",20.05,"1","GENERAL","Study4","PROLIFIC","Instagram","female","Female",,"ugrad","undergradudate degree","Working full-time","$75,000-$99,999","55-64","Republican",76,77,"B1-2","B1","B","scroll","business",3,"millennial",3,"Male",3,0,0,0,100,100,100,100,1.24,"engage","business",1,"millennial",2,"Male",3,0,100,100,100,100,100,94,1.17,-1.4776114294249,-1.46018880197774,-2.39260558522259,1.97307477927238,2.11393903292754,1.61049868132306,1.63368797762195,-0.411199068902913,-1.55211174415255,-1.70667466204801,-1.3351831786675,-1.48713882725435,1.98871476058213,2.48097840180789,1.49334040029296,1.46787952902864,1.52839697755143,1.33800535612941,-1.21077315564181,-1.37150951039582,-1.55348170472061,-1.35248506438756
"89","R_3OWbK8q3iEaXjhL",20.05,"1","GENERAL","Study4","PROLIFIC","Instagram","female","Female",,"ugrad","undergradudate degree","Working full-time","$75,000-$99,999","55-64","Republican",76,77,"B1-3","B1","C","scroll","news",51,"millennial",50,"Male",53,70,75,66,95,17,19,90,0.92,"scroll","business",19,"gen-x",28,"Male",21,60,63,64,68,61,67,68,1.2,0.969922883394386,1.31513203300276,0.688002464420228,1.74051056672259,-1.69041785633928,-1.13063166511879,1.32602545829578,-0.544259744450422,1.18791634409027,1.465081333059,1.77568163649443,0.572610240964971,0.716102409465927,0.988161713439446,0.232472516140593,-0.053441269061101,0.494426082528938,0.638324357348944,-1.18645555862148,-0.161946982854186,0.0181340276815635,-0.114827150865645
"90","R_3OWbK8q3iEaXjhL",20.05,"1","GENERAL","Study4","PROLIFIC","Instagram","female","Female",,"ugrad","undergradudate degree","Working full-time","$75,000-$99,999","55-64","Republican",76,77,"B1-4","B1","D","engage","business",57,"millennial",53,"Male",54,4,3,90,89,93,95,94,0.71,"engage","news",42,"millennial",53,"Male",43,90,88,91,88,88,89,93,1.4,-1.33775232583523,-1.34917596857852,1.80822357338125,1.46143351166285,1.79308965672431,1.44129310438221,1.44909046602625,-0.631580812778475,1.53041985512063,1.66753384338498,1.83789893279767,1.60248477507463,1.57597561967958,2.10777422971578,1.02051494373582,0.999780821924104,1.18374001254393,1.311094548484,-1.02433824515267,1.38360513567124,1.52930300114519,1.39786585455003
"91","R_34uRDOFTIJaxMHq",49.77,"1","GENERAL","Study4","PROLIFIC","Facebook","female","Female",,"grad","graduate or professional degree","Working full-time","$100,000-$149,999","45-54","Democrat",1,0,"B0-0","B0","F","scroll","education",22,"gen-x",20,"Female",34,57,63,37,57,62,61,20,2.74,"engage","education",30,"gen-x",37,"Female",35,58,50,9,95,100,39,70,2.81,0.515380796727947,0.871080699405878,-0.665598042241008,-0.026977448655775,0.372185276395741,0.290695181184389,-0.827612176987389,0.212522847726038,-0.467517292556432,-0.55944377020079,0.593553006732896,0.503951938690993,0.268968340154829,-1.29253044934568,1.29632979339415,1.46787952902864,-0.382882555671966,0.692145972639749,0.118588814802434,0.577230117310147,0.562154858128469,0.847795670762514
"92","R_34uRDOFTIJaxMHq",49.77,"1","GENERAL","Study4","PROLIFIC","Facebook","female","Female",,"grad","graduate or professional degree","Working full-time","$100,000-$149,999","45-54","Democrat",1,0,"B1-1","B1","A","engage","business",1,"boomer",1,"Male",10,0,0,56,51,46,80,75,1.89,"engage","individual",17,"millennial",13,"Male",33,68,69,49,65,60,60,0,3.41,-1.4776114294249,-1.46018880197774,0.221243669019802,-0.306054503715517,-0.361184726354488,0.933676373559639,0.864531679306529,-0.140919571697034,-1.66627958116267,-1.84164300226533,-0.89966210454483,0.84724345006088,0.922471979917203,0.366154759952594,0.114266152001308,-0.0924494946531457,0.275098922978712,-1.19161056253842,0.604940755208864,-0.296342819247701,-0.888567356396612,0.710278124815634
"93","R_34uRDOFTIJaxMHq",49.77,"1","GENERAL","Study4","PROLIFIC","Facebook","female","Female",,"grad","graduate or professional degree","Working full-time","$100,000-$149,999","45-54","Democrat",1,0,"B1-2","B1","B","scroll","business",21,"gen-x",5,"Female",7,8,7,43,50,63,66,19,7.16,"scroll","news",23,"millennial",37,"Female",20,5,6,5,72,97,100,73,2.57,-1.19789322224555,-1.20115885737956,-0.385542765000752,-0.352567346225474,0.418020901567631,0.459900758125245,-0.858378428920006,2.05042342872601,-0.52460121106149,-1.57170632183069,-1.08631399345455,-1.3154930715694,-1.24440850982119,-1.45839897027551,0.390081001659639,1.35085485225251,1.52839697755143,0.772878395575956,-0.0759519613601375,0.106844689932844,0.562154858128469,-0.183585923839085
"94","R_34uRDOFTIJaxMHq",49.77,"1","GENERAL","Study4","PROLIFIC","Facebook","female","Female",,"grad","graduate or professional degree","Working full-time","$100,000-$149,999","45-54","Democrat",1,0,"B1-3","B1","C","scroll","political",46,"boomer",39,"Male",52,63,60,84,41,0,13,100,3.12,"scroll","political",35,"gen-z",14,"Male",46,63,60,0,28,100,13,100,4.31,0.725169452112457,0.760067866006658,1.528168296141,-0.771182928815087,-2.4696234842614,-1.33367835744782,1.63368797762195,0.370532399938705,0.90249675156498,0.722755461863746,1.71346434019119,0.675597694375937,0.612917624240289,-1.66573462143779,-1.34361233904987,1.46787952902864,-1.19752629114423,1.49947020200182,1.33446866581851,0.913219708293934,-0.828120597458067,1.60414217347035
"95","R_34uRDOFTIJaxMHq",49.77,"1","GENERAL","Study4","PROLIFIC","Facebook","female","Female",,"grad","graduate or professional degree","Working full-time","$100,000-$149,999","45-54","Democrat",1,0,"B1-4","B1","D","engage","news",32,"boomer",11,"Male",20,11,11,52,53,53,60,25,3.74,"scroll","news",44,"boomer",5,"Male",34,13,2,54,76,47,73,0,2.62,-1.0929988945533,-1.0531417461806,0.0345401508596316,-0.213028818695603,-0.0403353501512627,0.256854065796218,-0.673780917324306,0.628337458812005,0.103321892494156,-1.16680130117873,-0.277489141512444,-1.0408598624735,-1.38198822345538,0.573490411114878,0.547689487178685,-0.599556427349726,0.682420790714846,-1.19161056253842,-0.0354226329929348,1.51800097206475,-1.37214142790497,0.779036897789074
"96","R_7RekX1OrjUPn19k",54.38,"1","GENERAL","Study4","PROLIFIC","Facebook","male","Male",,"grad","graduate or professional degree","Working full-time","$50,000-$74,999","45-54","Democrat",32,33,"B0-0","B0","F","engage","organization",47,"millennial",31,"Male",13,28,20,17,75,75,66,82,1.35,"engage","education",30,"gen-x",31,"Male",16,25,17,21,87,81,69,26,1.42,-0.498597704297186,-0.720103245982939,-1.59911563304186,0.810253716523451,0.968048403630302,0.459900758125245,1.07989544283485,-0.365459461683456,0.959580670070038,0.182882100994468,-0.713010215635114,-0.628910048829632,-0.866064297327187,-0.794924886556197,0.981112822356062,0.726723242779792,0.557090985257574,-0.491929563757955,-1.00812651380579,0.577230117310147,0.199474304497199,-0.458621015732844
"97","R_7RekX1OrjUPn19k",54.38,"1","GENERAL","Study4","PROLIFIC","Facebook","male","Male",,"grad","graduate or professional degree","Working full-time","$50,000-$74,999","45-54","Democrat",32,33,"B1-1","B1","A","engage","education",16,"gen-x",43,"Male",31,20,10,33,80,58,64,8,0.76,"engage","education",22,"gen-x",26,"Female",40,37,40,47,65,58,63,5,2.21,-0.778315911476533,-1.09014602398034,-0.852301560401178,1.04281792907324,0.188842775708184,0.392218527348903,-1.19680720017879,-0.610790082224177,-0.810020803586784,0.992692142298386,0.40690111782318,-0.216960235185768,-0.0749809439306302,0.28322049948768,0.114266152001308,-0.170465945837235,0.369096277071666,-1.0570565243114,-0.367763125603995,0.0396467717360869,-0.102759490195526,1.19158953562971
"98","R_7RekX1OrjUPn19k",54.38,"1","GENERAL","Study4","PROLIFIC","Facebook","male","Male",,"grad","graduate or professional degree","Working full-time","$50,000-$74,999","45-54","Democrat",32,33,"B1-2","B1","B","engage","business",18,"millennial",9,"Male",12,64,69,49,50,48,12,3,0.84,"engage","news",40,"millennial",10,"Male",4,56,56,17,93,68,12,6,3.15,0.760134228009876,1.09310636620432,-0.105487487760496,-0.352567346225474,-0.269513476010709,-1.36751947283599,-1.35063845984187,-0.5775249133373,-0.695852966576667,-1.30176964139605,-0.775227511938353,0.435293636417016,0.475337910606105,-0.960793407486024,1.21752555063463,0.219616310083211,-1.22885874250855,-1.030145716666,0.394188247699411,1.24920929927772,-1.06990763321225,-1.28372629141412
"99","R_7RekX1OrjUPn19k",54.38,"1","GENERAL","Study4","PROLIFIC","Facebook","male","Male",,"grad","graduate or professional degree","Working full-time","$50,000-$74,999","45-54","Democrat",32,33,"B1-3","B1","C","engage","political",48,"gen-x",24,"Female",14,42,33,60,68,56,29,22,1.09,"engage","political",43,"gen-x",39,"Male",27,36,36,6,69,94,61,97,2.01,-0.00909084173332871,-0.23904763458632,0.407947187179973,0.484663818953752,0.0971715253644053,-0.792220511237084,-0.766079673122156,-0.473571260565808,1.0166645885751,-0.28950708976615,-0.650792919331876,-0.251289386322757,-0.212560657564814,-1.41693184004305,0.271874637520355,1.23383017547637,0.30643137434303,1.41873777906561,-0.529880439072805,1.45080305386799,0.683048376005559,0.297725486974995
"100","R_7RekX1OrjUPn19k",54.38,"1","GENERAL","Study4","PROLIFIC","Facebook","male","Male",,"grad","graduate or professional degree","Working full-time","$50,000-$74,999","45-54","Democrat",32,33,"B1-4","B1","D","engage","political",48,"gen-x",40,"Male",51,40,38,16,60,75,57,94,1.12,"engage","political",1,"gen-x",54,"Male",42,40,43,39,85,73,56,27,2.36,-0.0790203935281655,-0.0540262455876203,-1.6457915125819,0.112561078874096,0.968048403630302,0.155330719631705,1.44909046602625,-0.461096822233229,1.0166645885751,0.790239631972406,1.65124704388795,-0.113972781774802,0.0282038412950077,-0.0485165423719745,0.902308579596539,0.414657438043435,0.14976911752144,-0.465018756112553,-0.246175140502388,-1.37150951039582,1.58974976008373,1.32910708157659
